{
  "project_info": {
    "project_number": "870634436264",
    "firebase_url": "https://socialmediasim-edbc6.firebaseio.com",
    "project_id": "socialmediasim-edbc6",
    "storage_bucket": "socialmediasim-edbc6.appspot.com"
  },
  "client": [
    {
      "client_info": {
        "mobilesdk_app_id": "1:870634436264:android:d386165f4f019c8c49b49d",
        "android_client_info": {
          "package_name": "com.insignia.socialmediasim"
        }
      },
      "oauth_client": [
        {
          "client_id": "870634436264-65dsj5rh8lvn8t6vlv452djpde0kj2lu.apps.googleusercontent.com",
          "client_type": 1,
          "android_info": {
            "package_name": "com.insignia.socialmediasim",
            "certificate_hash": "16887bcd1d11cb15a50ccbeee05f29e337e69798"
          }
        },
        {
          "client_id": "870634436264-67vd1s7pi200bgkrnsir3h15p6i0f19o.apps.googleusercontent.com",
          "client_type": 3
        }
      ],
      "api_key": [
        {
          "current_key": "AIzaSyBYlQIjiLNTcfROqCyAWRJGaslV-zLliFo"
        }
      ],
      "services": {
        "appinvite_service": {
          "other_platform_oauth_client": [
            {
              "client_id": "870634436264-67vd1s7pi200bgkrnsir3h15p6i0f19o.apps.googleusercontent.com",
              "client_type": 3
            }
          ]
        }
      }
    }
  ],
  "configuration_version": "1"
}